{"train_loss": [4.638061046600342, 43.63174819946289, 56.35066223144531, 79.3329849243164, 110.41246795654297], "train_acc": [21.08433734939759, 23.541247484909455, 51.717171717171716, 65.86345381526104, 69.21529175050301], "test_loss": [22.00107222209827, 29.126779424609815, 39.278748252935344, 46.840579526185955, 46.18422774332672], "test_acc": [22.29, 54.82, 66.22, 68.57, 66.51], "coreset_size": 500, "momentum": 0.9, "epoch_times": [3.7893004417419434, 3.7234866619110107, 3.8561904430389404, 3.7257721424102783, 3.750825881958008]}