{"train_loss": [2.280954599380493, 5.5629658699035645, 9.722843170166016, 15.381375312805176, 13.209787368774414], "train_acc": [19.4, 37.7, 63.7, 65.5, 68.9], "test_loss": [5.7895626853898285, 9.521335647318532, 14.969910192289753, 14.58884951545854, 13.228481623232016], "test_acc": [36.66, 65.57, 65.64, 67.94, 66.97], "coreset_size": 1000, "momentum": 0.9, "epoch_times": [3.766676187515259, 3.8957459926605225, 3.7972357273101807, 3.9339544773101807, 3.866389513015747]}