{"train_loss": [2.280954599380493, 5.5629658699035645, 10.922062873840332, 9.669365882873535, 5.423166275024414], "train_acc": [19.4, 37.7, 61.2, 69.4, 69.2], "test_loss": [5.7895626853898285, 10.718743516916343, 9.641799862659727, 6.295828247522589, 4.338387758779682], "test_acc": [36.66, 63.75, 69.53, 66.26, 73.13], "coreset_size": 7500, "momentum": 0.0, "epoch_times": [3.8228759765625, 3.7994558811187744, 3.8798904418945312, 3.765681505203247, 3.820542097091675]}