{"train_loss": [2.280954599380493, 5.5629658699035645, 9.722843170166016, 15.381375312805176, 13.209787368774414], "train_acc": [19.4, 37.7, 63.7, 65.5, 68.9], "test_loss": [5.7895626853898285, 9.521335647318532, 14.969910192289753, 14.58884951545854, 13.228481623232016], "test_acc": [36.66, 65.57, 65.64, 67.94, 66.97], "coreset_size": 7500, "momentum": 0.9, "epoch_times": [3.921208143234253, 3.8409454822540283, 3.9759631156921387, 3.967426061630249, 3.9766578674316406]}