{"train_loss": [2.280954599380493, 5.5629658699035645, 9.722843170166016, 15.381375312805176, 13.209787368774414], "train_acc": [19.4, 37.7, 63.7, 65.5, 68.9], "test_loss": [5.7895626853898285, 9.521335647318532, 14.969910192289753, 14.58884951545854, 13.228481623232016], "test_acc": [36.66, 65.57, 65.64, 67.94, 66.97], "coreset_size": 5000, "momentum": 0.9, "epoch_times": [3.8416073322296143, 3.8370511531829834, 3.8538894653320312, 3.8895931243896484, 3.855361223220825]}