{"train_loss": [2.280954599380493, 5.5629658699035645, 10.922062873840332, 9.669365882873535, 5.423166275024414], "train_acc": [19.4, 37.7, 61.2, 69.4, 69.2], "test_loss": [5.7895626853898285, 10.718743516916343, 9.641799862659727, 6.295828247522589, 4.338387758779682], "test_acc": [36.66, 63.75, 69.53, 66.26, 73.13], "coreset_size": 5000, "momentum": 0.0, "epoch_times": [3.7879135608673096, 3.8259847164154053, 3.9730722904205322, 3.9442577362060547, 3.7942726612091064]}