{"train_loss": [4.638061046600342, 43.63174819946289, 60.59044647216797, 68.46968841552734, 57.81492614746094], "train_acc": [21.08433734939759, 23.541247484909455, 51.91919191919192, 56.13682092555332, 59.19191919191919], "test_loss": [22.00107222209827, 30.61823228647294, 34.6379758143483, 26.87102863058245, 18.84325967389658], "test_acc": [22.29, 53.71, 55.8, 59.29, 68.38], "coreset_size": 500, "momentum": 0.0, "epoch_times": [3.9193360805511475, 3.8524563312530518, 3.7871921062469482, 3.842543601989746, 3.852806568145752]}