{"momentum_0.0": [{"train_loss": [2.3129725456237793, 2.2055485248565674, 2.132462739944458, 2.046379566192627, 1.9831159114837646], "train_acc": [10.5, 19.3, 33.1, 40.9, 45.4], "test_loss": [2.2021697504878044, 2.1079585559606553, 2.0129849153518675, 1.9363993294835091, 1.8719673454642296], "test_acc": [16.62, 46.41, 61.37, 65.72, 68.58], "coreset_size": 1000, "momentum": 0.0, "epoch_times": [6.594512939453125, 6.52593994140625, 6.251677751541138, 6.338051080703735, 6.503965139389038]}, {"train_loss": [2.316061019897461, 2.205810546875, 2.110808849334717, 2.0244836807250977, 1.9472215175628662], "train_acc": [10.621062106210621, 22.31, 40.23804760952191, 46.6046604660466, 50.53010602120424], "test_loss": [2.196339074289799, 2.0928251606464388, 1.9962673637509345, 1.9145696893811226, 1.8470072247624398], "test_acc": [17.51, 56.85, 62.4, 66.77, 67.65], "coreset_size": 10000, "momentum": 0.0, "epoch_times": [19.129868745803833, 19.409082651138306, 19.89619493484497, 19.749897480010986, 19.773831605911255]}], "momentum_0.9": [{"train_loss": [2.3129725456237793, 2.2055485248565674, 2.093775749206543, 1.896299123764038, 1.6906569004058838], "train_acc": [10.5, 19.3, 28.9, 48.1, 56.3], "test_loss": [2.2021697521448136, 2.0661076344132425, 1.8657649496853352, 1.6378896605879067, 1.4200358279019594], "test_acc": [16.62, 32.92, 62.59, 70.38, 71.16], "coreset_size": 1000, "momentum": 0.9, "epoch_times": [6.579753398895264, 6.415065050125122, 6.612146854400635, 6.619481563568115, 6.66696834564209]}, {"train_loss": [2.316061019897461, 2.205810546875, 2.06544828414917, 1.8830289840698242, 1.6742385625839233], "train_acc": [10.621062106210621, 22.31, 39.14391439143915, 48.92978595719144, 54.73547354735474], "test_loss": [2.1963390743732454, 2.0472590891718863, 1.8358635064780713, 1.5993508200883866, 1.3705294340267777], "test_acc": [17.51, 47.55, 64.42, 69.99, 73.21], "coreset_size": 10000, "momentum": 0.9, "epoch_times": [18.058624982833862, 19.794010877609253, 19.763527870178223, 20.167349100112915, 19.57583737373352]}]}