{"train_loss": [2.3129725456237793, 2.2055485248565674, 2.093775749206543, 1.896299123764038, 1.6906569004058838], "train_acc": [10.5, 19.3, 28.9, 48.1, 56.3], "test_loss": [2.2021697521448136, 2.0661076344132425, 1.8657649496853352, 1.6378896605879067, 1.4200358279019594], "test_acc": [16.62, 32.92, 62.59, 70.38, 71.16], "coreset_size": 1000, "momentum": 0.9, "epoch_times": [6.579753398895264, 6.415065050125122, 6.612146854400635, 6.619481563568115, 6.66696834564209]}