{"train_loss": [2.316061019897461, 2.205810546875, 2.06544828414917, 1.8830289840698242, 1.6742385625839233], "train_acc": [10.621062106210621, 22.31, 39.14391439143915, 48.92978595719144, 54.73547354735474], "test_loss": [2.1963390743732454, 2.0472590891718863, 1.8358635064780713, 1.5993508200883866, 1.3705294340267777], "test_acc": [17.51, 47.55, 64.42, 69.99, 73.21], "coreset_size": 10000, "momentum": 0.9, "epoch_times": [18.058624982833862, 19.794010877609253, 19.763527870178223, 20.167349100112915, 19.57583737373352]}