{"train_loss": [2.3129725456237793, 2.2055485248565674, 2.132462739944458, 2.046379566192627, 1.9831159114837646], "train_acc": [10.5, 19.3, 33.1, 40.9, 45.4], "test_loss": [2.2021697504878044, 2.1079585559606553, 2.0129849153518675, 1.9363993294835091, 1.8719673454642296], "test_acc": [16.62, 46.41, 61.37, 65.72, 68.58], "coreset_size": 1000, "momentum": 0.0, "epoch_times": [6.594512939453125, 6.52593994140625, 6.251677751541138, 6.338051080703735, 6.503965139389038]}