{"train_loss": [2.316061019897461, 2.205810546875, 2.110808849334717, 2.0244836807250977, 1.9472215175628662], "train_acc": [10.621062106210621, 22.31, 40.23804760952191, 46.6046604660466, 50.53010602120424], "test_loss": [2.196339074289799, 2.0928251606464388, 1.9962673637509345, 1.9145696893811226, 1.8470072247624398], "test_acc": [17.51, 56.85, 62.4, 66.77, 67.65], "coreset_size": 10000, "momentum": 0.0, "epoch_times": [19.129868745803833, 19.409082651138306, 19.89619493484497, 19.749897480010986, 19.773831605911255]}